IP,Categories,Comment,ReportDate
197.156.97.198,"18,22",Invalid user temp from 197.156.97.198 port 45834,2024-09-15T00:05:42-04:56
27.16.152.251,"18,22",Invalid user nproc from 27.16.152.251 port 28981,2024-09-15T00:14:36-04:56
115.23.23.103,"18,22",Invalid user web from 115.23.23.103 port 41728,2024-09-15T00:24:51-04:56
191.36.155.116,"18,22",Invalid user nproc from 191.36.155.116 port 42025,2024-09-15T00:45:03-04:56
81.69.244.171,"18,22",Invalid user webadm from 81.69.244.171 port 33164,2024-09-15T01:22:09-04:56
60.29.127.226,"18,22",Invalid user nproc from 60.29.127.226 port 48925,2024-09-15T02:16:30-04:56
1.235.192.130,"18,22",Invalid user nproc from 1.235.192.130 port 48038,2024-09-15T02:46:52-04:56
2.59.135.137,"18,22",Invalid user nproc from 2.59.135.137 port 43334,2024-09-15T04:17:43-04:56
58.246.9.146,"18,22",Invalid user nproc from 58.246.9.146 port 33956,2024-09-15T04:48:05-04:56
122.187.147.13,"18,22",Invalid user nproc from 122.187.147.13 port 55326,2024-09-15T05:49:27-04:56
220.163.252.244,"18,22",Invalid user nproc from 220.163.252.244 port 54415,2024-09-15T06:19:58-04:56
65.20.193.144,"18,22",Invalid user nproc from 65.20.193.144 port 37691,2024-09-15T06:50:35-04:56
211.51.140.148,"18,22",Invalid user nproc from 211.51.140.148 port 38112,2024-09-15T07:21:06-04:56
58.216.101.162,"18,22",Invalid user nproc from 58.216.101.162 port 49860,2024-09-15T07:51:48-04:56
183.6.43.236,"18,22",Invalid user nproc from 183.6.43.236 port 57310,2024-09-15T08:21:58-04:56
213.136.39.81,"18,22",Invalid user nproc from 213.136.39.81 port 59366,2024-09-15T08:52:31-04:56
1.27.171.46,"18,22",Invalid user nproc from 1.27.171.46 port 56622,2024-09-15T09:23:44-04:56
73.153.20.73,"18,22",Invalid user nproc from 73.153.20.73 port 59098,2024-09-15T10:26:20-04:56
111.75.223.17,"18,22",Invalid user nproc from 111.75.223.17 port 42089,2024-09-15T10:57:28-04:56
213.67.213.21,"18,22",Invalid user nproc from 213.67.213.21 port 34470,2024-09-15T11:28:28-04:56
105.73.203.132,"18,22",Invalid user nproc from 105.73.203.132 port 43039,2024-09-15T12:30:17-04:56
212.220.15.153,"18,22",Invalid user nproc from 212.220.15.153 port 52978,2024-09-15T13:01:20-04:56
49.124.152.241,"18,22",Invalid user nproc from 49.124.152.241 port 42298,2024-09-15T13:32:08-04:56
78.186.134.35,"18,22",Invalid user nproc from 78.186.134.35 port 45117,2024-09-15T14:02:55-04:56
191.36.157.111,"18,22",Invalid user nproc from 191.36.157.111 port 40237,2024-09-15T14:33:44-04:56
117.158.38.57,"18,22",Invalid user nproc from 117.158.38.57 port 40587,2024-09-15T15:35:26-04:56
218.157.163.203,"18,22",Invalid user pi from 218.157.163.203 port 49687,2024-09-15T17:58:24-04:56
103.6.138.178,"18,22",Invalid user admin from 103.6.138.178 port 37191,2024-09-15T20:15:06-04:56
111.67.196.68,"18,22",Invalid user naveen from 111.67.196.68 port 35690,2024-09-16T14:04:20-04:56
182.72.219.186,"18,22",Invalid user naveen from 182.72.219.186 port 25507,2024-09-17T06:41:26-04:56
5.188.86.68,"18,22",Invalid user natdem from 5.188.86.68 port 34546,2024-09-17T22:08:34-04:56
45.148.10.240,"18,22",Invalid user james from 45.148.10.240 port 60308,2024-09-18T20:19:30-04:56
202.4.115.170,"18,22",Invalid user naveen from 202.4.115.170 port 43740,2024-09-18T22:47:21-04:56
122.187.227.24,"18,22",Invalid user blank from 122.187.227.24 port 42248,2024-09-18T23:13:08-04:56
49.124.147.101,"18,22",Invalid user test from 49.124.147.101 port 35204,2024-09-18T23:35:03-04:56
66.75.237.89,"18,22",Invalid user craft from 66.75.237.89 port 36758,2024-09-18T23:53:54-04:56
180.69.30.93,"18,22",Invalid user test from 180.69.30.93 port 37686,2024-09-18T23:56:50-04:56
138.75.146.220,"18,22",Invalid user support from 138.75.146.220 port 45158,2024-09-19T00:07:39-04:56
197.239.1.134,"18,22",Invalid user debian from 197.239.1.134 port 46896,2024-09-19T00:29:33-04:56
82.134.30.194,"18,22",Invalid user blank from 82.134.30.194 port 42020,2024-09-19T01:13:05-04:56
103.156.224.210,"18,22",Invalid user debian from 103.156.224.210 port 47502,2024-09-19T01:34:50-04:56
70.166.207.76,"18,22",Invalid user blank from 70.166.207.76 port 43094,2024-09-19T01:45:40-04:56
60.216.77.3,"18,22",Invalid user admin from 60.216.77.3 port 33307,2024-09-19T01:56:33-04:56
24.112.161.96,"18,22",Invalid user test from 24.112.161.96 port 51427,2024-09-19T02:07:29-04:56
121.135.188.125,"18,22",Invalid user debian from 121.135.188.125 port 52610,2024-09-19T02:29:36-04:56
138.68.88.167,"18,22",Invalid user naveen from 138.68.88.167 port 41790,2024-09-19T04:12:10-04:56
70.183.115.240,"18,22",Invalid user max from 70.183.115.240 port 57263,2024-09-19T05:06:34-04:56
150.138.118.225,"18,22",Invalid user user from 150.138.118.225 port 39514,2024-09-19T08:56:52-04:56
98.97.16.226,"18,22",Invalid user pagec from 98.97.16.226 port 15325,2024-09-19T12:19:04-04:56
82.151.65.155,"18,22",Invalid user kali from 82.151.65.155 port 39060,2024-09-19T13:25:13-04:56
64.92.12.144,"18,22",Invalid user pi from 64.92.12.144 port 38464,2024-09-19T13:26:19-04:56
154.213.184.15,"18,22",Invalid user admin from 154.213.184.15 port 50442,2024-09-19T18:59:03-04:56
58.223.177.24,"18,22",Invalid user naveen from 58.223.177.24 port 48956,2024-09-20T03:28:06-04:56
84.86.133.239,"18,22",Invalid user pi from 84.86.133.239 port 50588,2024-09-20T05:36:32-04:56
166.203.185.13,"18,22",Invalid user craft from 166.203.185.13 port 46746,2024-09-20T17:07:22-04:56
2.183.9.9,"18,22",Invalid user naveen from 2.183.9.9 port 33873,2024-09-21T00:21:55-04:56
23.90.195.6,"18,22",Invalid user naveen from 23.90.195.6 port 36906,2024-09-21T00:53:31-04:56
36.50.176.173,"18,22",Invalid user download from 36.50.176.173 port 43134,2024-09-21T04:21:54-04:56
